Pin,DAPHNE pin,Pin Name,MBG,Bank,I/O Type,Notes
R11,GND ,DXN_0,NA,0,CONFIG,
M12,VCCADC_0,VCCADC_0,NA,0,CONFIG,
M11,GND_ADC,GNDADC_0,NA,0,CONFIG,
R12,GND,DXP_0,NA,0,CONFIG,
N11, REF3112AIDBZT GND,VREFN_0,NA,0,CONFIG,
P12, REF3112AIDBZT OUT,,NA,0,CONFIG,
N12,GND,,NA,0,CONFIG,
P11,GND,,NA,0,CONFIG,
G14,to circuit see schematic,,NA,0,CONFIG,
H13,SS_DClk,,NA,0,CONFIG,
H12,JTAG_TCK,,NA,0,CONFIG,
H11,JTAG_TMS,,NA,0,CONFIG,
J10,JTAG_TDO,,NA,0,CONFIG,
H10,JTAG_TDI,,NA,0,CONFIG,
V11,SS_InitB,,NA,0,CONFIG,
AE16,SS_Program_B,PROGRAM_B_0,NA,0,CONFIG,
AB15,4.7 K TO 3.3 V,CFGBVS_0,NA,0,CONFIG,
W10,SS_ConfDone,DONE_0,NA,0,CONFIG,
W9,1K TO 3.3 V,M2_0,NA,0,CONFIG,
AB7,1K TO 3.3 V,M0_0,NA,0,CONFIG,
Y9,1K TO 3.3 V,M1_0,NA,0,CONFIG,
AB22,NC,IO_0_12,NA,12,HR,
AE25,AFEdat0_P(0),IO_L1P_T0_12,0,12,HR,
AE26,AFEdat0_N(0),IO_L1N_T0_12,0,12,HR,
AC22,AFEdat0_P(1),IO_L2P_T0_12,0,12,HR,
AC23,AFEdat0_N(1),IO_L2N_T0_12,0,12,HR,
AF24,AFEdat0_P(2),IO_L3P_T0_DQS_12,0,12,HR,
AF25,AFEdat0_N(2),IO_L3N_T0_DQS_12,0,12,HR,
AD25,AFEdat0_P(3),IO_L4P_T0_12,0,12,HR,
AD26,AFEdat0_N(3),IO_L4N_T0_12,0,12,HR,
AE23,AFEdat0_P(4),IO_L5P_T0_12,0,12,HR,
AF23,AFEdat0_N(4),IO_L5N_T0_12,0,12,HR,
AD23,AFEdat0_P(5),IO_L6P_T0_12,0,12,HR,
AD24,AFEdat0_N(5),IO_L6N_T0_VREF_12,0,12,HR,
AD21,AFEdat0_P(6),IO_L7P_T1_12,1,12,HR,
AE21,AFEdat0_N(6),IO_L7N_T1_12,1,12,HR,
AF19,AFEdat0_P(7),IO_L8P_T1_12,1,12,HR,
AF20,AFEdat0_N(7),IO_L8N_T1_12,1,12,HR,
AE22,ADCClk0+,IO_L9P_T1_DQS_12,1,12,HR,
AF22,ADCClk0-,IO_L9N_T1_DQS_12,1,12,HR,
AD20,NC,IO_L10P_T1_12,1,12,HR,
AE20,NC,IO_L10N_T1_12,1,12,HR,
AB21,AFE0_FCLKP,IO_L11P_T1_SRCC_12,1,12,HR,AFE0 Clock
AC21,AFE0_FCLKN,IO_L11N_T1_SRCC_12,1,12,HR,
AA20,AFE0_DCLKP,IO_L12P_T1_MRCC_12,1,12,HR,
AB20,AFE0_DCLKM,IO_L12N_T1_MRCC_12,1,12,HR,
AA19,AFE1_DCLKP,IO_L13P_T2_MRCC_12,2,12,HR,
AB19,AFE1_DCLKM,IO_L13N_T2_MRCC_12,2,12,HR,
AC19,AFE1_FCLKP,IO_L14P_T2_SRCC_12,2,12,HR,AFE1 CLOCK
AD19,AFE1_FCLKM,IO_L14N_T2_SRCC_12,2,12,HR,
AC18,ADCClk1+,IO_L15P_T2_DQS_12,2,12,HR,
AD18,ADCClk1-,IO_L15N_T2_DQS_12,2,12,HR,
AE18,NC,IO_L16P_T2_12,2,12,HR,
AF18,NC,IO_L16N_T2_12,2,12,HR,
Y18,AFEdat1_P(0),IO_L17P_T2_12,2,12,HR,
AA18,AFEdat1_N(0),IO_L17N_T2_12,2,12,HR,
AE17,AFEdat1_P(1),IO_L18P_T2_12,2,12,HR,
AF17,AFEdat1_N(1),IO_L18N_T2_12,2,12,HR,
AA17,AFEdat1_P(2),IO_L19P_T3_12,3,12,HR,
AB17,AFEdat1_N(2),IO_L19N_T3_VREF_12,3,12,HR,
AC17,AFEdat1_P(3),IO_L20P_T3_12,3,12,HR,
AD17,AFEdat1_N(3),IO_L20N_T3_12,3,12,HR,
Y16,AFEdat1_P(4),IO_L21P_T3_DQS_12,3,12,HR,
Y17,AFEdat1_N(4),IO_L21N_T3_DQS_12,3,12,HR,
AB16,AFEdat1_P(5),IO_L22P_T3_12,3,12,HR,
AC16,AFEdat1_N(5),IO_L22N_T3_12,3,12,HR,
Y15,AFEdat1_P(6),IO_L23P_T3_12,3,12,HR,
AA15,AFEdat1_N(6),IO_L23N_T3_12,3,12,HR,
W14,AFEdat1_P(7),IO_L24P_T3_12,3,12,HR,
W15,AFEdat1_N(7),IO_L24N_T3_12,3,12,HR,
W16,NC,IO_25_12,NA,12,HR,
U24,NC,IO_0_13,NA,13,HR,
U25,AFEdat2_P(0),IO_L1P_T0_13,0,13,HR,
U26,AFEdat2_N(0),IO_L1N_T0_13,0,13,HR,
V26,AFEdat2_P(1),IO_L2P_T0_13,0,13,HR,
W26,AFEdat2_N(1),IO_L2N_T0_13,0,13,HR,
AB26,AFEdat2_P(2),IO_L3P_T0_DQS_13,0,13,HR,
AC26,AFEdat2_N(2),IO_L3N_T0_DQS_13,0,13,HR,
W25,AFEdat2_P(3),IO_L4P_T0_13,0,13,HR,
Y26,AFEdat2_N(3),IO_L4N_T0_13,0,13,HR,
Y25,AFEdat2_P(4),IO_L5P_T0_13,0,13,HR,
AA25,AFEdat2_N(4),IO_L5N_T0_13,0,13,HR,
V24,AFEdat2_P(5),IO_L6P_T0_13,0,13,HR,
W24,AFEdat2_N(5),IO_L6N_T0_VREF_13,0,13,HR,
AA24,AFEdat2_P(6),IO_L7P_T1_13,1,13,HR,
AB25,AFEdat2_N(6),IO_L7N_T1_13,1,13,HR,
AA22,AFEdat2_P(7),IO_L8P_T1_13,1,13,HR,
AA23,AFEdat2_N(7),IO_L8N_T1_13,1,13,HR,
AB24,ADCClk2+,IO_L9P_T1_DQS_13,1,13,HR,
AC24,ADCClk2-,IO_L9N_T1_DQS_13,1,13,HR,
V23,NC,IO_L10P_T1_13,1,13,HR,
W23,NC,IO_L10N_T1_13,1,13,HR,
Y22,AFE2_FCLKP,IO_L11P_T1_SRCC_13,1,13,HR,AFE2 CLOCK
Y23,AFE2_FCLKM,IO_L11N_T1_SRCC_13,1,13,HR,
U22,AFE2_DCLKP,IO_L12P_T1_MRCC_13,1,13,HR,
V22,AFE2_DCLKM,IO_L12N_T1_MRCC_13,1,13,HR,
U21,AFE3_DCLKP,IO_L13P_T2_MRCC_13,2,13,HR,
V21,AFE3_DCLKM,IO_L13N_T2_MRCC_13,2,13,HR,
W21,AFE3_FCLKP,IO_L14P_T2_SRCC_13,2,13,HR,AFE3 CLOCK
Y21,AFE3_FCLKM,IO_L14N_T2_SRCC_13,2,13,HR,
T20,ADCClk3+,IO_L15P_T2_DQS_13,2,13,HR,
U20,ADCClk3-,IO_L15N_T2_DQS_13,2,13,HR,
W20,NC,IO_L16P_T2_13,2,13,HR,
Y20,NC,IO_L16N_T2_13,2,13,HR,
T19,AFEdat3_P(0),IO_L17P_T2_13,2,13,HR,
U19,AFEdat3_N(0),IO_L17N_T2_13,2,13,HR,
V19,AFEdat3_P(1),IO_L18P_T2_13,2,13,HR,
W19,AFEdat3_N(1),IO_L18N_T2_13,2,13,HR,
V18,AFEdat3_P(2),IO_L19P_T3_13,3,13,HR,
W18,AFEdat3_N(2),IO_L19N_T3_VREF_13,3,13,HR,
T14,AFEdat3_P(3),IO_L20P_T3_13,3,13,HR,
T15,AFEdat3_N(3),IO_L20N_T3_13,3,13,HR,
T17,AFEdat3_P(4),IO_L21P_T3_DQS_13,3,13,HR,
T18,AFEdat3_N(4),IO_L21N_T3_DQS_13,3,13,HR,
U15,AFEdat3_P(5),IO_L22P_T3_13,3,13,HR,
U16,AFEdat3_N(5),IO_L22N_T3_13,3,13,HR,
U14,AFEdat3_P(6),IO_L23P_T3_13,3,13,HR,
V14,AFEdat3_N(6),IO_L23N_T3_13,3,13,HR,
V16,AFEdat3_P(7),IO_L24P_T3_13,3,13,HR,
V17,AFEdat3_N(7),IO_L24N_T3_13,3,13,HR,
U17,NC,IO_25_13,NA,13,HR,
M19,NC,IO_0_14,NA,14,HR,
R14,NC,IO_L1P_T0_D00_MOSI_14,0,14,HR,
R15,SS_CfgDat,IO_L1N_T0_D01_DIN_14,0,14,HR,
P14,NC,IO_L2P_T0_D02_14,0,14,HR,
N14,NC,IO_L2N_T0_D03_14,0,14,HR,
P15,PULLUP,IO_L3P_T0_DQS_PUDC_B_14,0,14,HR,
P16,NC,IO_L3N_T0_DQS_EMCCLK_14,0,14,HR,
N16,MuxEn0,IO_L4P_T0_D04_14,0,14,HR,
N17,MuxEn1,IO_L4N_T0_D05_14,0,14,HR,
R16,MuxEn2,IO_L5P_T0_D06_14,0,14,HR,
R17,MuxEn3,IO_L5N_T0_D07_14,0,14,HR,
P18,NC,IO_L6P_T0_FCS_B_14,0,14,HR,
N18,NC,IO_L6N_T0_D08_VREF_14,0,14,HR,
K25,NC,IO_L7P_T1_D09_14,1,14,HR,
K26,Offset0_CS,IO_L7N_T1_D10_14,1,14,HR,
M20,Offset1_CS,IO_L8P_T1_D11_14,1,14,HR,
L20,Offset2_CS,IO_L8N_T1_D12_14,1,14,HR,
L24,Offset3_CS,IO_L9P_T1_DQS_14,1,14,HR,
L25,Offset4_CS,IO_L9N_T1_DQS_D13_14,1,14,HR,
M24,Offset_LD,IO_L10P_T1_D14_14,1,14,HR,
M25,Offset_SDAT,IO_L10N_T1_D15_14,1,14,HR,
L22,Offset_SCLK,IO_L11P_T1_SRCC_14,1,14,HR,ADC CLOCK
L23,NC,IO_L11N_T1_SRCC_14,1,14,HR,
M21,NC,IO_L12P_T1_MRCC_14,1,14,HR,
M22,NC,IO_L12N_T1_MRCC_14,1,14,HR,
N21,NC,IO_L13P_T2_MRCC_14,2,14,HR,
N22,NC,IO_L13N_T2_MRCC_14,2,14,HR,
P20,NC,IO_L14P_T2_SRCC_14,2,14,HR,
P21,NC,IO_L14N_T2_SRCC_14,2,14,HR,
N23,NC,IO_L15P_T2_DQS_RDWR_B_14,2,14,HR,
N24,NC,IO_L15N_T2_DQS_DOUT_CSO_B_14,2,14,HR,
P19,NC,IO_L16P_T2_CSI_B_14,2,14,HR,
N19,MuxEn4,IO_L16N_T2_A15_D31_14,2,14,HR,
P23,MuxEn5,IO_L17P_T2_A14_D30_14,2,14,HR,
P24,MuxEn6,IO_L17N_T2_A13_D29_14,2,14,HR,
R20,MuxEn7,IO_L18P_T2_A12_D28_14,2,14,HR,
R21,MuxEn8,IO_L18N_T2_A11_D27_14,2,14,HR,
R25,MuxEn9,IO_L19P_T3_A10_D26_14,3,14,HR,
P25,NC,IO_L19N_T3_A09_D25_VREF_14,3,14,HR,
N26,GAIN_CS,IO_L20P_T3_A08_D24_14,3,14,HR,
M26,BIAS_CS,IO_L20N_T3_A07_D23_14,3,14,HR,
T24,TRIM_SCLK,IO_L21P_T3_DQS_14,3,14,HR,
T25,TRIM_SDAT,IO_L21N_T3_DQS_A06_D22_14,3,14,HR,
R26,TRIM_LD,IO_L22P_T3_A05_D21_14,3,14,HR,
P26,TRIM0_CS,IO_L22N_T3_A04_D20_14,3,14,HR,
T22,TRIM1_CS,IO_L23P_T3_A03_D19_14,3,14,HR,
R22,TRIM2_CS,IO_L23N_T3_A02_D18_14,3,14,HR,
T23,TRIM3_CS,IO_L24P_T3_A01_D17_14,3,14,HR,
R23,TRIM4_CS,IO_L24N_T3_A00_D16_14,3,14,HR,
R18,NC,IO_25_14,NA,14,HR,
K18,NC,IO_0_15,NA,15,HR,
K15,NC,IO_L1P_T0_AD0P_15,0,15,HR,
J16,NC,IO_L1N_T0_AD0N_15,0,15,HR,
J14,NC,IO_L2P_T0_AD8P_15,0,15,HR,
J15,NC,IO_L2N_T0_AD8N_15,0,15,HR,
K16,NC,IO_L3P_T0_DQS_AD1P_15,0,15,HR,
K17,NC,IO_L3N_T0_DQS_AD1N_15,0,15,HR,
M14,NC,IO_L4P_T0_15,0,15,HR,
L14,NC,IO_L4N_T0_15,0,15,HR,
M15,NC,IO_L5P_T0_AD9P_15,0,15,HR,
L15,NC,IO_L5N_T0_AD9N_15,0,15,HR,
M16,ADC_SCK,IO_L6P_T0_15,0,15,HR,
M17,ADC_SDI,IO_L6N_T0_VREF_15,0,15,HR,
J19,ADC_CSA,IO_L7P_T1_AD2P_15,1,15,HR,
H19,ADC_CSB,IO_L7N_T1_AD2N_15,1,15,HR,
L17,ADC_SDOA,IO_L8P_T1_AD10P_15,1,15,HR,
L18,ADC_SDOB,IO_L8N_T1_AD10N_15,1,15,HR,
K20,ADC_ENC_P,IO_L9P_T1_DQS_AD3P_15,1,15,HR,
J20,ADC_ENC_n,IO_L9N_T1_DQS_AD3N_15,1,15,HR,
J18,NC,IO_L10P_T1_AD11P_15,1,15,HR,
H18,NC,IO_L10N_T1_AD11N_15,1,15,HR,
G20,ADCFRA_P,IO_L11P_T1_SRCC_15,1,15,HR,
G21,ADCFRA_N,IO_L11N_T1_SRCC_15,1,15,HR,
K21,ADCDCOA_P,IO_L12P_T1_MRCC_15,1,15,HR,
J21,ADCDCOA_N,IO_L12N_T1_MRCC_15,1,15,HR,
H21,ADCDCOB_P,IO_L13P_T2_MRCC_15,2,15,HR,
H22,ADCDCOB_N,IO_L13N_T2_MRCC_15,2,15,HR,
J23,ADCFRB_P,IO_L14P_T2_SRCC_15,2,15,HR,
H23,ADCFRB_N,IO_L14N_T2_SRCC_15,2,15,HR,
G22,NC,IO_L15P_T2_DQS_15,2,15,HR,
F22,NC,IO_L15N_T2_DQS_ADV_B_15,2,15,HR,
J24,ADCdat_P(0),IO_L16P_T2_A28_15,2,15,HR,
H24,ADCdat_N(0),IO_L16N_T2_A27_15,2,15,HR,
F23,ADCdat_P(1),IO_L17P_T2_A26_15,2,15,HR,
E23,ADCdat_N(1),IO_L17N_T2_A25_15,2,15,HR,
K22,ADCdat_P(2),IO_L18P_T2_A24_15,2,15,HR,
K23,ADCdat_N(2),IO_L18N_T2_A23_15,2,15,HR,
G24,ADCdat_P(3),IO_L19P_T3_A22_15,3,15,HR,
F24,ADCdat_N(3),IO_L19N_T3_A21_VREF_15,3,15,HR,
E25,ADCdat_P(4),IO_L20P_T3_A20_15,3,15,HR,
D25,ADCdat_N(4),IO_L20N_T3_A19_15,3,15,HR,
E26,ADCdat_P(5),IO_L21P_T3_DQS_15,3,15,HR,
D26,ADCdat_N(5),IO_L21N_T3_DQS_A18_15,3,15,HR,
H26,ADCdat_P(6),IO_L22P_T3_A17_15,3,15,HR,
G26,ADCdat_N(6),IO_L22N_T3_A16_15,3,15,HR,
G25,ADCdat_P(7),IO_L23P_T3_FOE_B_15,3,15,HR,
F25,ADCdat_N(7),IO_L23N_T3_FWE_B_15,3,15,HR,
J25,NC,IO_L24P_T3_RS1_15,3,15,HR,
J26,NC,IO_L24N_T3_RS0_15,3,15,HR,
L19,NC,IO_25_15,NA,15,HR,
H17,NC,IO_0_16,NA,16,HR,
H14,NC,IO_L1P_T0_16,0,16,HR,
H15,NC,IO_L1N_T0_16,0,16,HR,
G17,NC,IO_L2P_T0_16,0,16,HR,
F17,NC,IO_L2N_T0_16,0,16,HR,
F18,NC,IO_L3P_T0_DQS_16,0,16,HR,
F19,NC,IO_L3N_T0_DQS_16,0,16,HR,
G15,NC,IO_L4P_T0_16,0,16,HR,
F15,NC,IO_L4N_T0_16,0,16,HR,
G19,NC,IO_L5P_T0_16,0,16,HR,
F20,NC,IO_L5N_T0_16,0,16,HR,
H16,NC,IO_L6P_T0_16,0,16,HR,
G16,NC,IO_L6N_T0_VREF_16,0,16,HR,
C17,NC,IO_L7P_T1_16,1,16,HR,
B17,NC,IO_L7N_T1_16,1,16,HR,
E16,NC,IO_L8P_T1_16,1,16,HR,
D16,NC,IO_L8N_T1_16,1,16,HR,
A17,NC,IO_L9P_T1_DQS_16,1,16,HR,
A18,NC,IO_L9N_T1_DQS_16,1,16,HR,
B19,NC,IO_L10P_T1_16,1,16,HR,
A19,NC,IO_L10N_T1_16,1,16,HR,
E17,NC,IO_L11P_T1_SRCC_16,1,16,HR,
E18,NC,IO_L11N_T1_SRCC_16,1,16,HR,
D18,NC,IO_L12P_T1_MRCC_16,1,16,HR,
C18,PLL_SCLK,IO_L12N_T1_MRCC_16,1,16,HR,
D19,PLL_SDAT,IO_L13P_T2_MRCC_16,2,16,HR,
C19,FPGACLK_REFin,IO_L13N_T2_MRCC_16,2,16,HR,
E20,PLL_PDn,IO_L14P_T2_SRCC_16,2,16,HR,
D20,PLLStatus,IO_L14N_T2_SRCC_16,2,16,HR,
B20,SFPCDR_SCL,IO_L15P_T2_DQS_16,2,16,HR,
A20,SFPCDR_SDA,IO_L15N_T2_DQS_16,2,16,HR,
C21,F_SFP_TX_FAULT,IO_L16P_T2_16,2,16,HR,
B21,F_SFP_LOS,IO_L16N_T2_16,2,16,HR,
B22,F_CDR_LOL,IO_L17P_T2_16,2,16,HR,
A22,F_CDR_LOS,IO_L17N_T2_16,2,16,HR,
E21,SFP0_TX_FAULT,IO_L18P_T2_16,2,16,HR,
D21,SPF0_TX_DISABLE,IO_L18N_T2_16,2,16,HR,
C22,SFP0_PRESENT,IO_L19P_T3_16,3,16,HR,
C23,SPF0_RATE_SELECT,IO_L19N_T3_VREF_16,3,16,HR,
B25,SFP0_LOS,IO_L20P_T3_16,3,16,HR,
A25,SFP0_SDA,IO_L20N_T3_16,3,16,HR,
A23,SFP0_SCL,IO_L21P_T3_DQS_16,3,16,HR,
A24,SFP1_SCL,IO_L21N_T3_DQS_16,3,16,HR,
C26,SFP1_SDA,IO_L22P_T3_16,3,16,HR,
B26,SFP1_TX_FAULT,IO_L22N_T3_16,3,16,HR,
C24,SPF1_TX_DISABLE,IO_L23P_T3_16,3,16,HR,
B24,SFP1_PRESENT,IO_L23N_T3_16,3,16,HR,
D23,SPF1_RATE_SELECT,IO_L24P_T3_16,3,16,HR,
D24,SFP1_LOS,IO_L24N_T3_16,3,16,HR,
E22,PLL_LD,IO_25_16,NA,16,HR,
V4,GP0LED,IO_0_33,NA,33,HR,
V1,CA0,IO_L1P_T0_33,0,33,HR,STM COMMUNICATION
W1,CA1,IO_L1N_T0_33,0,33,HR,ADDRESS
W5,CA2,IO_L2P_T0_33,0,33,HR,
W4,CA3,IO_L2N_T0_33,0,33,HR,
V3,CA4,IO_L3P_T0_DQS_33,0,33,HR,
V2,CA5,IO_L3N_T0_DQS_33,0,33,HR,
V6,CA6,IO_L4P_T0_33,0,33,HR,
W6,CA7,IO_L4N_T0_33,0,33,HR,
W3,CA8,IO_L5P_T0_33,0,33,HR,
Y3,CA9,IO_L5N_T0_33,0,33,HR,
U7,CA10,IO_L6P_T0_33,0,33,HR,
V7,CA11,IO_L6N_T0_VREF_33,0,33,HR,
AB1,EthCS,IO_L7P_T1_33,1,33,HR,
AC1,CpldCS,IO_L7N_T1_33,1,33,HR,
Y2,CpldRST,IO_L8P_T1_33,1,33,HR,
Y1,RD,IO_L8N_T1_33,1,33,HR,
AD1,WR,IO_L9P_T1_DQS_33,1,33,HR,
AE1,nWait,IO_L9N_T1_DQS_33,1,33,HR,
AE2,CpldIRQ,IO_L10P_T1_33,1,33,HR,
AF2,GPILED,IO_L10N_T1_33,1,33,HR,
AB2,PHY_MDIO,IO_L11P_T1_SRCC_33,1,33,HR,
AC2,PHY_MDC,IO_L11N_T1_SRCC_33,1,33,HR,
AA3,NC,IO_L12P_T1_MRCC_33,1,33,HR,
AA2,NC,IO_L12N_T1_MRCC_33,1,33,HR,
AA4,GPI,IO_L13P_T2_MRCC_33,2,33,HR,External signal LEMO
AB4,GPO,IO_L13N_T2_MRCC_33,2,33,HR,
AC3,DMAen,IO_L14P_T2_SRCC_33,2,33,HR,
AD3,DMAbsy,IO_L14N_T2_SRCC_33,2,33,HR,
AD5,StatLED0,IO_L15P_T2_DQS_33,2,33,HR,
AE5,StatLED1,IO_L15N_T2_DQS_33,2,33,HR,
AE3,BRdy0,IO_L16P_T2_33,2,33,HR,
AF3,BRdy1,IO_L16N_T2_33,2,33,HR,
AF5,CD0,IO_L17P_T2_33,2,33,HR,
AF4,CD1,IO_L17N_T2_33,2,33,HR,
AC4,CD2,IO_L18P_T2_33,2,33,HR,
AD4,CD3,IO_L18N_T2_33,2,33,HR,
Y7,CD4,IO_L19P_T3_33,3,33,HR,
AA7,CD5,IO_L19N_T3_VREF_33,3,33,HR,DATA BUS
Y6,CD6,IO_L20P_T3_33,3,33,HR,
Y5,CD7,IO_L20N_T3_33,3,33,HR,
V8,CD8,IO_L21P_T3_DQS_33,3,33,HR,
W8,CD9,IO_L21N_T3_DQS_33,3,33,HR,
AA5,CD10,IO_L22P_T3_33,3,33,HR,
AB5,CD11,IO_L22N_T3_33,3,33,HR,
Y8,CD12,IO_L23P_T3_33,3,33,HR,
AA8,CD13,IO_L23N_T3_33,3,33,HR,
AB6,CD14,IO_L24P_T3_33,3,33,HR,
AC6,CD15,IO_L24N_T3_33,3,33,HR,
V9,StatLED2,IO_25_33,NA,33,HR,
N8,NC,IO_0_34,NA,34,HR,
K3,DDR2_DQ7,IO_L1P_T0_34,0,34,HR,DDR2
J3,DDR2_DQ6,IO_L1N_T0_34,0,34,HR,MT47H128M8SH PINS
M7,DDR2_DQ5,IO_L2P_T0_34,0,34,HR,
L7,DDR2_DQ4,IO_L2N_T0_34,0,34,HR,
M4,DDR2_DQ2_P,IO_L3P_T0_DQS_34,0,34,HR,
L4,DDR2_DQ2_N,IO_L3N_T0_DQS_34,0,34,HR,
L5,DDR2_DQ3,IO_L4P_T0_34,0,34,HR,
K5,DDR2_DQ2,IO_L4N_T0_34,0,34,HR,
N7,DDR2_DQ1,IO_L5P_T0_34,0,34,HR,
N6,DDR2_DQ0,IO_L5N_T0_34,0,34,HR,
M6,NC,IO_L6P_T0_34,0,34,HR,
M5,NC,IO_L6N_T0_VREF_34,0,34,HR,
K1,DDR2_BA2,IO_L7P_T1_34,1,34,HR,
J1,DDR2_BA1,IO_L7N_T1_34,1,34,HR,
L3,DDR2_BA0,IO_L8P_T1_34,1,34,HR,
K2,NC,IO_L8N_T1_34,1,34,HR,
N1,DDR2_RDQS_P,IO_L9P_T1_DQS_34,1,34,HR,
M1,DDR2_RDQS_N,IO_L9N_T1_DQS_34,1,34,HR,
H2,DDR2_RAS,IO_L10P_T1_34,1,34,HR,
H1,DDR2_ODT,IO_L10N_T1_34,1,34,HR,
M2,DDR2_CAS,IO_L11P_T1_SRCC_34,1,34,HR,
L2,DDR2_CKE,IO_L11N_T1_SRCC_34,1,34,HR,
N3,DDR2_WE,IO_L12P_T1_MRCC_34,1,34,HR,
N2,NC,IO_L12N_T1_MRCC_34,1,34,HR,
R3,DDR2_CK_P,IO_L13P_T2_MRCC_34,2,34,HR,
P3,DDR2_CK_N,IO_L13N_T2_MRCC_34,2,34,HR,
P4,NC,IO_L14P_T2_SRCC_34,2,34,HR,
N4,NC,IO_L14N_T2_SRCC_34,2,34,HR,
R1,NC,IO_L15P_T2_DQS_34,2,34,HR,
P1,NC,IO_L15N_T2_DQS_34,2,34,HR,
T4,NC,IO_L16P_T2_34,2,34,HR,
T3,DDR2_CS,IO_L16N_T2_34,2,34,HR,
T2,DDR2_ADDR13,IO_L17P_T2_34,2,34,HR,
R2,DDR2_ADDR12,IO_L17N_T2_34,2,34,HR,
U2,DDR2_ADDR11,IO_L18P_T2_34,2,34,HR,
U1,DDR2_ADDR10,IO_L18N_T2_34,2,34,HR,
P6,DDR2_ADDR9,IO_L19P_T3_34,3,34,HR,
P5,DDR2_ADDR8,IO_L19N_T3_VREF_34,3,34,HR,
T5,DDR2_ADDR7,IO_L20P_T3_34,3,34,HR,
R5,DDR2_ADDR6,IO_L20N_T3_34,3,34,HR,
U6,DDR2_ADDR5,IO_L21P_T3_DQS_34,3,34,HR,
U5,NC,IO_L21N_T3_DQS_34,3,34,HR,
R8,NC,IO_L22P_T3_34,3,34,HR,
P8,DDR2_ADDR4,IO_L22N_T3_34,3,34,HR,
R7,DDR2_ADDR3,IO_L23P_T3_34,3,34,HR,
R6,DDR2_ADDR2,IO_L23N_T3_34,3,34,HR,
T8,DDR2_ADDR1,IO_L24P_T3_34,3,34,HR,
T7,DDR2_ADDR0,IO_L24N_T3_34,3,34,HR,
U4,NC,IO_25_34,NA,34,HR,
J8,NC,IO_0_35,NA,35,HR,
E6,NC,IO_L1P_T0_AD4P_35,0,35,HR,
D6,NC,IO_L1N_T0_AD4N_35,0,35,HR,
H8,NC,IO_L2P_T0_AD12P_35,0,35,HR,
G8,NC,IO_L2N_T0_AD12N_35,0,35,HR,
H7,NC,IO_L3P_T0_DQS_AD5P_35,0,35,HR,
G7,NC,IO_L3N_T0_DQS_AD5N_35,0,35,HR,
F8,NC,IO_L4P_T0_35,0,35,HR,
F7,NC,IO_L4N_T0_35,0,35,HR,
H6,NC,IO_L5P_T0_AD13P_35,0,35,HR,
G6,NC,IO_L5N_T0_AD13N_35,0,35,HR,
H9,NC,IO_L6P_T0_35,0,35,HR,
G9,NC,IO_L6N_T0_VREF_35,0,35,HR,
J6,NC,IO_L7P_T1_AD6P_35,1,35,HR,
J5,NC,IO_L7N_T1_AD6N_35,1,35,HR,
L8,NC,IO_L8P_T1_AD14P_35,1,35,HR,
K8,NC,IO_L8N_T1_AD14N_35,1,35,HR,
J4,NC,IO_L9P_T1_DQS_AD7P_35,1,35,HR,
H4,NC,IO_L9N_T1_DQS_AD7N_35,1,35,HR,
K7,NC,IO_L10P_T1_AD15P_35,1,35,HR,
K6,NC,IO_L10N_T1_AD15N_35,1,35,HR,
G4,NC,IO_L11P_T1_SRCC_35,1,35,HR,
F4,NC,IO_L11N_T1_SRCC_35,1,35,HR,
G5,FPGA_clk_P,IO_L12P_T1_MRCC_35,1,35,HR,
F5,FPGA_clk_N,IO_L12N_T1_MRCC_35,1,35,HR,
E5,NC,IO_L13P_T2_MRCC_35,2,35,HR,
D5,NC,IO_L13N_T2_MRCC_35,2,35,HR,
D4,F_CDR_D_P,IO_L14P_T2_SRCC_35,2,35,HR,
C4,F_CDR_D_N,IO_L14N_T2_SRCC_35,2,35,HR,
B5,NC,IO_L15P_T2_DQS_35,2,35,HR,
A5,NC,IO_L15N_T2_DQS_35,2,35,HR,
B4,NC,IO_L16P_T2_35,2,35,HR,
A4,NC,IO_L16N_T2_35,2,35,HR,
D3,Dbg1,IO_L17P_T2_35,2,35,HR,
C3,Dbg2,IO_L17N_T2_35,2,35,HR,
F3,Dbg3,IO_L18P_T2_35,2,35,HR,
E3,Dbg4,IO_L18N_T2_35,2,35,HR,
C2,Dbg5,IO_L19P_T3_35,3,35,HR,
B2,Dbg6,IO_L19N_T3_VREF_35,3,35,HR,
A3,Dbg7,IO_L20P_T3_35,3,35,HR,
A2,Dbg8,IO_L20N_T3_35,3,35,HR,
C1,Dbg9,IO_L21P_T3_DQS_35,3,35,HR,
B1,Dbg10,IO_L21N_T3_DQS_35,3,35,HR,
F2,Dbg11,IO_L22P_T3_35,3,35,HR,
E2,Dbg12,IO_L22N_T3_35,3,35,HR,
E1,Dbg13,IO_L23P_T3_35,3,35,HR,
D1,Dbg14,IO_L23N_T3_35,3,35,HR,
G2,Dbg15,IO_L24P_T3_35,3,35,HR,
G1,Dbg16,IO_L24N_T3_35,3,35,HR,
H3,NC,IO_25_35,NA,35,HR,
AE7,NC,MGTPTXP3_213,NA,213,GTP,
AE11,GND,MGTPRXP3_213,NA,213,GTP,
AF7,NC,MGTPTXN3_213,NA,213,GTP,
AF11,GND,MGTPRXN3_213,NA,213,GTP,
AC8,NC,MGTPTXP2_213,NA,213,GTP,
AC14,GND,MGTPRXP2_213,NA,213,GTP,
AD8,NC,MGTPTXN2_213,NA,213,GTP,
AD14,GND,MGTPRXN2_213,NA,213,GTP,
AB13,NC,MGTREFCLK0N_213,NA,213,GTP,
AA13,NC,MGTREFCLK0P_213,NA,213,GTP,
AF15,GND,MGTRREF_213,NA,213,GTP,
AA11,NC,MGTREFCLK1P_213,NA,213,GTP,
AB11,NC,MGTREFCLK1N_213,NA,213,GTP,
AE9,NC,MGTPTXP1_213,NA,213,GTP,
AE13,GND,MGTPRXP1_213,NA,213,GTP,
AF9,NC,MGTPTXN1_213,NA,213,GTP,
AF13,GND,MGTPRXN1_213,NA,213,GTP,
AC10,NC,MGTPTXP0_213,NA,213,GTP,
AC12,GND,MGTPRXP0_213,NA,213,GTP,
AD10,NC,MGTPTXN0_213,NA,213,GTP,
AD12,GND,MGTPRXN0_213,NA,213,GTP,
D10,NC,MGTPTXP3_216,NA,216,GTP,
D12,GND,MGTPRXP3_216,NA,216,GTP,
C10,NC,MGTPTXN3_216,NA,216,GTP,
C12,GND,MGTPRXN3_216,NA,216,GTP,
B9,NC,MGTPTXP2_216,NA,216,GTP,
B13,GND,MGTPRXP2_216,NA,216,GTP,
A9,NC,MGTPTXN2_216,NA,216,GTP,
A13,GND,MGTPRXN2_216,NA,216,GTP,
E11,OUT+,MGTREFCLK0N_216,NA,216,GTP,SIT9121AC
F11,OUT-,MGTREFCLK0P_216,NA,216,GTP,
A15,RESISTOR TO 1.2 V SEE SCHEMAT,MGTRREF_216,NA,216,GTP,
F13,NC,MGTREFCLK1P_216,NA,216,GTP,
E13,NC,MGTREFCLK1N_216,NA,216,GTP,
D8,TX1_P,MGTPTXP1_216,NA,216,GTP,
D14,RX1_P,MGTPRXP1_216,NA,216,GTP,
C8,TX1_N,MGTPTXN1_216,NA,216,GTP,
C14,RX1_N,MGTPRXN1_216,NA,216,GTP,
B7,TX0_P,MGTPTXP0_216,NA,216,GTP,
B11,RX0_P,MGTPRXP0_216,NA,216,GTP,
A7,TX0_N,MGTPTXN0_216,NA,216,GTP,
A11,RX0_N,MGTPRXN0_216,NA,216,GTP,
F12,1V+,MGTAVCC_G11,NA,NA,NA,
F10,1V+,MGTAVCC_G11,NA,NA,NA,
D9,1V+,MGTAVCC_G11,NA,NA,NA,
D13,1V+,MGTAVCC_G11,NA,NA,NA,
D11,1V+,MGTAVCC_G11,NA,NA,NA,
AC9,GND,MGTAVCC_G10,NA,NA,NA,
AC13,GND,MGTAVCC_G10,NA,NA,NA,
AC11,GND,MGTAVCC_G10,NA,NA,NA,
AA10,GND,MGTAVCC_G10,NA,NA,NA,
AA12,GND,MGTAVCC_G10,NA,NA,NA,
C7,"1,2V+",MGTAVTT_G11,NA,NA,NA,
C15,"1,2V+",MGTAVTT_G11,NA,NA,NA,
B8,"1,2V+",MGTAVTT_G11,NA,NA,NA,
B14,"1,2V+",MGTAVTT_G11,NA,NA,NA,
B12,"1,2V+",MGTAVTT_G11,NA,NA,NA,
B10,"1,2V+",MGTAVTT_G11,NA,NA,NA,
AD7,GND,MGTAVTT_G10,NA,NA,NA,
AD15,GND,MGTAVTT_G10,NA,NA,NA,
AE8,GND,MGTAVTT_G10,NA,NA,NA,
AE14,GND,MGTAVTT_G10,NA,NA,NA,
AE12,GND,MGTAVTT_G10,NA,NA,NA,
AE10,GND,MGTAVTT_G10,NA,NA,NA,
W22,GND,GND,NA,NA,NA,
W12,GND,GND,NA,NA,NA,
Y19,GND,GND,NA,NA,NA,
Y13,GND,GND,NA,NA,NA,
Y12,GND,GND,NA,NA,NA,
Y11,GND,GND,NA,NA,NA,
Y10,GND,GND,NA,NA,NA,
V13,GND,GND,NA,NA,NA,
W2,GND,GND,NA,NA,NA,
V25,GND,GND,NA,NA,NA,
V15,GND,GND,NA,NA,NA,
T21,GND,GND,NA,NA,NA,
P17,GND,GND,NA,NA,NA,
T13,GND,GND,NA,NA,NA,
U18,GND,GND,NA,NA,NA,
U12,GND,GND,NA,NA,NA,
U10,GND,GND,NA,NA,NA,
U8,GND,GND,NA,NA,NA,
R24,GND,GND,NA,NA,NA,
T9,GND,GND,NA,NA,NA,
T1,GND,GND,NA,NA,NA,
P13,GND,GND,NA,NA,NA,
P9,GND,GND,NA,NA,NA,
R10,GND,GND,NA,NA,NA,
R4,GND,GND,NA,NA,NA,
N10,GND,GND,NA,NA,NA,
M23,GND,GND,NA,NA,NA,
F1,GND,GND,NA,NA,NA,
N20,GND,GND,NA,NA,NA,
M13,GND,GND,NA,NA,NA,
L10,GND,GND,NA,NA,NA,
L6,GND,GND,NA,NA,NA,
M9,GND,GND,NA,NA,NA,
M3,GND,GND,NA,NA,NA,
L26,GND,GND,NA,NA,NA,
L16,GND,GND,NA,NA,NA,
L12,GND,GND,NA,NA,NA,
K9,GND,GND,NA,NA,NA,
J22,GND,GND,NA,NA,NA,
K13,GND,GND,NA,NA,NA,
K11,GND,GND,NA,NA,NA,
G18,GND,GND,NA,NA,NA,
G13,GND,GND,NA,NA,NA,
J12,GND,GND,NA,NA,NA,
J2,GND,GND,NA,NA,NA,
H25,GND,GND,NA,NA,NA,
H5,GND,GND,NA,NA,NA,
G10,GND,GND,NA,NA,NA,
G12,GND,GND,NA,NA,NA,
G11,GND,GND,NA,NA,NA,
E15,GND,GND,NA,NA,NA,
E14,GND,GND,NA,NA,NA,
E12,GND,GND,NA,NA,NA,
E10,GND,GND,NA,NA,NA,
F21,GND,GND,NA,NA,NA,
F14,GND,GND,NA,NA,NA,
F9,GND,GND,NA,NA,NA,
E24,GND,GND,NA,NA,NA,
E9,GND,GND,NA,NA,NA,
E4,GND,GND,NA,NA,NA,
E8,GND,GND,NA,NA,NA,
E7,GND,GND,NA,NA,NA,
V5,GND,GND,NA,NA,NA,
D17,GND,GND,NA,NA,NA,
D15,GND,GND,NA,NA,NA,
D7,GND,GND,NA,NA,NA,
C20,GND,GND,NA,NA,NA,
T11,GND,GND,NA,NA,NA,
C16,GND,GND,NA,NA,NA,
C11,GND,GND,NA,NA,NA,
C13,GND,GND,NA,NA,NA,
C6,GND,GND,NA,NA,NA,
C9,GND,GND,NA,NA,NA,
B23,GND,GND,NA,NA,NA,
B3,GND,GND,NA,NA,NA,
B16,GND,GND,NA,NA,NA,
B15,GND,GND,NA,NA,NA,
B6,GND,GND,NA,NA,NA,
AF10,GND,GND,NA,NA,NA,
AF21,GND,GND,NA,NA,NA,
AF16,GND,GND,NA,NA,NA,
AF14,GND,GND,NA,NA,NA,
AF12,GND,GND,NA,NA,NA,
AF1,GND,GND,NA,NA,NA,
AE24,GND,GND,NA,NA,NA,
AF8,GND,GND,NA,NA,NA,
AF6,GND,GND,NA,NA,NA,
AE15,GND,GND,NA,NA,NA,
AE6,GND,GND,NA,NA,NA,
AD13,GND,GND,NA,NA,NA,
AD11,GND,GND,NA,NA,NA,
AE4,GND,GND,NA,NA,NA,
AD16,GND,GND,NA,NA,NA,
AC20,GND,GND,NA,NA,NA,
AD9,GND,GND,NA,NA,NA,
AD6,GND,GND,NA,NA,NA,
AC15,GND,GND,NA,NA,NA,
AB12,GND,GND,NA,NA,NA,
AC7,GND,GND,NA,NA,NA,
AB23,GND,GND,NA,NA,NA,
AB14,GND,GND,NA,NA,NA,
AB3,GND,GND,NA,NA,NA,
AB10,GND,GND,NA,NA,NA,
AB9,GND,GND,NA,NA,NA,
AB8,GND,GND,NA,NA,NA,
AA9,GND,GND,NA,NA,NA,
A14,GND,GND,NA,NA,NA,
AA16,GND,GND,NA,NA,NA,
AA14,GND,GND,NA,NA,NA,
A26,GND,GND,NA,NA,NA,
AA6,GND,GND,NA,NA,NA,
A16,GND,GND,NA,NA,NA,
A12,GND,GND,NA,NA,NA,
A10,GND,GND,NA,NA,NA,
A8,GND,GND,NA,NA,NA,
A6,GND,GND,NA,NA,NA,
AA26,GND,GND,NA,NA,NA,
P7,GND,GND,NA,NA,NA,
K19,GND,GND,NA,NA,NA,
V12,1V+,VCCINT,NA,NA,NA,
V10,1V+,VCCINT,NA,NA,NA,
U11,1V+,VCCINT,NA,NA,NA,
T12,1V+,VCCINT,NA,NA,NA,
T10,1V+,VCCINT,NA,NA,NA,
P10,1V+,VCCINT,NA,NA,NA,
M10,1V+,VCCINT,NA,NA,NA,
L13,1V+,VCCINT,NA,NA,NA,
L11,1V+,VCCINT,NA,NA,NA,
K12,1V+,VCCINT,NA,NA,NA,
K10,1V+,VCCINT,NA,NA,NA,
J13,1V+,VCCINT,NA,NA,NA,
J11,1V+,VCCINT,NA,NA,NA,
R9,"1,8V+",VCCAUX,NA,NA,NA,
N9,"1,8V+",VCCAUX,NA,NA,NA,
L9,"1,8V+",VCCAUX,NA,NA,NA,
J9,"1,8V+",VCCAUX,NA,NA,NA,
U9,"1,8V+",VCCAUX,NA,NA,NA,
W11,"3,3V+",VCCO_0,NA,0,NA,
Y14,"3,3V+",VCCO_0,NA,0,NA,
W17,"2,5V+",VCCO_12,NA,12,NA,
AF26,"2,5V+",VCCO_12,NA,12,NA,
AE19,"2,5V+",VCCO_12,NA,12,NA,
AD22,"2,5V+",VCCO_12,NA,12,NA,
AB18,"2,5V+",VCCO_12,NA,12,NA,
AA21,"2,5V+",VCCO_12,NA,12,NA,
Y24,"2,5V+",VCCO_13,NA,13,NA,
V20,"2,5V+",VCCO_13,NA,13,NA,
U23,"2,5V+",VCCO_13,NA,13,NA,
T26,"2,5V+",VCCO_13,NA,13,NA,
T16,"2,5V+",VCCO_13,NA,13,NA,
AC25,"2,5V+",VCCO_13,NA,13,NA,
R19,"3,3V+",VCCO_14,NA,14,NA,
P22,"3,3V+",VCCO_14,NA,14,NA,
N25,"3,3V+",VCCO_14,NA,14,NA,
N15,"3,3V+",VCCO_14,NA,14,NA,
L21,"3,3V+",VCCO_14,NA,14,NA,
K24,"3,3V+",VCCO_14,NA,14,NA,
M18,"2,5V+",VCCO_15,NA,15,NA,
K14,"2,5V+",VCCO_15,NA,15,NA,
J17,"2,5V+",VCCO_15,NA,15,NA,
H20,"2,5V+",VCCO_15,NA,15,NA,
G23,"2,5V+",VCCO_15,NA,15,NA,
F26,"2,5V+",VCCO_15,NA,15,NA,
F16,"3,3V+",VCCO_16,NA,16,NA,
E19,"3,3V+",VCCO_16,NA,16,NA,
D22,"3,3V+",VCCO_16,NA,16,NA,
C25,"3,3V+",VCCO_16,NA,16,NA,
B18,"3,3V+",VCCO_16,NA,16,NA,
A21,"3,3V+",VCCO_16,NA,16,NA,
Y4,"3,3V+",VCCO_33,NA,33,NA,
W7,"3,3V+",VCCO_33,NA,33,NA,
U3,"3,3V+",VCCO_33,NA,33,NA,
AD2,"3,3V+",VCCO_33,NA,33,NA,
AC5,"3,3V+",VCCO_33,NA,33,NA,
AA1,"3,3V+",VCCO_33,NA,33,NA,
T6,"1,8V+",VCCO_34,NA,34,NA,
P2,"1,8V+",VCCO_34,NA,34,NA,
N5,"1,8V+",VCCO_34,NA,34,NA,
M8,"1,8V+",VCCO_34,NA,34,NA,
L1,"1,8V+",VCCO_34,NA,34,NA,
K4,"1,8V+",VCCO_34,NA,34,NA,
J7,"2,5V+",VCCO_35,NA,35,NA,
G3,"2,5V+",VCCO_35,NA,35,NA,
F6,"2,5V+",VCCO_35,NA,35,NA,
D2,"2,5V+",VCCO_35,NA,35,NA,
C5,"2,5V+",VCCO_35,NA,35,NA,
A1,"2,5V+",VCCO_35,NA,35,NA,
W13,1V+,VCCBRAM,NA,NA,NA,
U13,1V+,VCCBRAM,NA,NA,NA,
R13,1V+,VCCBRAM,NA,NA,NA,
N13,1V+,VCCBRAM,NA,NA,NA,